{"base_lr": 0.00016124236376787587, "lr": 0.00016124236376787587, "data_time": 0.019383776187896728, "loss": 6.970675587654114, "top1_acc": 0.0, "top5_acc": 0.0, "loss_cls": 6.970675587654114, "time": 50.4481302857399, "epoch": 1, "iter": 100, "step": 100}
{"base_lr": 0.0001624972766647203, "lr": 0.0001624972766647203, "data_time": 0.016222441196441652, "loss": 6.891850304603577, "top1_acc": 0.0, "top5_acc": 0.0, "loss_cls": 6.891850304603577, "time": 50.16452105045319, "epoch": 1, "iter": 200, "step": 200}
{"base_lr": 0.0001637521895615645, "lr": 0.0001637521895615645, "data_time": 0.017273056507110595, "loss": 6.898034286499024, "top1_acc": 0.0, "top5_acc": 0.0, "loss_cls": 6.898034286499024, "time": 49.30808387994766, "epoch": 1, "iter": 300, "step": 300}
